prediction,price
27987.961047985693,53695
27987.961047985693,51145
28644.73326988601,57995
22405.71245747109,19788
22226.43532696764,21988
18260.984250719022,15494
21982.17912373744,25690
21982.17912373744,27905
21982.17912373744,16490
22201.79179923255,15490
17154.16211198101,16200
17439.84775857954,14998
22592.058773256027,26135
22201.79179923255,22945
11452.014633946897,9499
23020.909950605714,32920
22230.129164121685,27360
23024.470999149453,27355
27700.66265975031,22490
27700.66265975031,24755
27700.66265975031,19988
27700.66265975031,20988
9751.277669441055,7885
6310.6167720486965,6488
19227.9672523702,14395
19227.9672523702,15495
19227.9672523702,15890
20197.243257938357,19190
19227.9672523702,17395
19227.9672523702,17395
19227.9672523702,17395
19227.9672523702,17790
19227.9672523702,17790
19227.9672523702,15890
19227.9672523702,17790
22184.026442625567,18951
22865.378219094633,18966
22184.026442625567,19371
22184.026442625567,21731
22865.378219094633,24455
22865.378219094633,29040
22187.751061936036,29115
22184.026442625567,16571
22978.531848420065,26710
22184.026442625567,21476
22865.378219094633,21176
14993.015025481878,13900
15682.717662759716,11450
9693.711660231396,6499
11602.45008059603,9988
7941.136607036876,7999
17309.51287843743,22223
17309.51287843743,15880
17309.51287843743,13990
17826.32083374358,17000
17309.51287843743,22790
17713.167204418147,15698
11602.45008059603,10988
7915.679925143521,6995
17313.237497747898,18399
17313.237497747898,19799
17313.237497747898,19799
17313.237497747898,19799
17313.237497747898,15699
14593.164723663034,11992
11836.25597253767,9950
17985.4136137984,14998
17472.330277802717,13599
17472.330277802717,13998
17472.330277802717,13599
17472.330277802717,13999
17472.330277802717,13599
14593.164723663034,14399
14593.164723663034,13998
14593.164723663034,16699
14430.347324297743,12881
14284.742658712175,13599
14511.089631320385,13995
14630.93567520935,15247
14410.283099042555,14998
14410.283099042555,14998
11358.008659863575,12878
14593.164723663034,13998
14593.164723663034,13998
14284.742658712175,13599
14221.790148874996,14688
7692.362581290088,8500
26522.404530590822,23995
13510.581538159126,15900
17692.982853969515,15649
5249.920851022758,6000
21696.49347713891,20015
21982.17912373744,17945
21982.17912373744,17945
22201.79179923255,19330
23020.909950605714,25265
23020.909950605714,25265
22907.75632128028,25765
23020.909950605714,29295
22230.129164121685,29295
22230.129164121685,29295
22230.129164121685,29295
22230.129164121685,29295
22230.129164121685,29295
22230.129164121685,29295
22907.75632128028,29295
22907.75632128028,19745
22907.75632128028,20745
22907.75632128028,28890
23020.909950605714,24195
22907.75632128028,26665
27987.961047985693,25714
27987.961047985693,28695
27987.961047985693,29748
27987.961047985693,29780
27987.961047985693,31735
27310.333890827096,39610
27987.961047985693,25549
27700.66265975031,25313
27700.66265975031,24905
27700.66265975031,24905
27700.66265975031,24905
27700.66265975031,24905
27987.961047985693,24905
28101.114677311125,24905
27700.66265975031,25205
27700.66265975031,25205
27700.66265975031,26405
27310.333890827096,24755
27310.333890827096,24755
27987.961047985693,24905
27310.333890827096,25205
27310.333890827096,28655
27700.66265975031,25155
27987.961047985693,28805
27700.66265975031,24605
28101.114677311125,25470
27310.333890827096,30540
27310.333890827096,33095
27703.450545821186,25358
27310.333890827096,27545
27882.75611402702,26270
27882.75611402702,26270
27882.75611402702,28780
27882.75611402702,28780
27882.75611402702,28780
27882.75611402702,28780
27882.75611402702,29030
27781.31753067989,30970
27882.75611402702,31270
28958.93423693543,31270
27882.75611402702,31520
27781.31753067989,26270
27781.31753067989,27770
27781.31753067989,28780
28644.73326988601,31270
27781.31753067989,35870
27882.75611402702,26520
27781.31753067989,31270
27781.31753067989,31270
27882.75611402702,28680
28958.93423693543,24800
28958.93423693543,24800
28958.93423693543,24975
28958.93423693543,24975
27882.75611402702,25225
27882.75611402702,25225
27882.75611402702,25225
27882.75611402702,25225
27882.75611402702,25225
28644.73326988601,25225
28958.93423693543,25225
28958.93423693543,25225
27781.31753067989,27460
27882.75611402702,27935
27882.75611402702,27935
27882.75611402702,27935
27882.75611402702,27935
27882.75611402702,27935
27882.75611402702,27935
27882.75611402702,27935
27882.75611402702,27935
27882.75611402702,27935
27882.75611402702,27935
27882.75611402702,27935
27882.75611402702,27935
27781.31753067989,27935
27882.75611402702,28185
27882.75611402702,28185
27882.75611402702,28185
27882.75611402702,28185
27781.31753067989,28700
27882.75611402702,31525
28644.73326988601,25225
27781.31753067989,27460
27781.31753067989,27785
27781.31753067989,27935
27781.31753067989,27935
27781.31753067989,28875
27882.75611402702,25225
27882.75611402702,25225
27882.75611402702,25325
27882.75611402702,25475
27882.75611402702,25475
27882.75611402702,25475
27882.75611402702,27785
27882.75611402702,28035
27882.75611402702,28035
27882.75611402702,28035
27882.75611402702,28035
27882.75611402702,28035
27882.75611402702,28035
27882.75611402702,28035
27882.75611402702,28035
27882.75611402702,28035
27882.75611402702,28035
27882.75611402702,28185
27882.75611402702,28185
27882.75611402702,28185
27882.75611402702,28185
27882.75611402702,28185
27882.75611402702,31029
27882.75611402702,31379
27882.75611402702,28035
28644.73326988601,25225
27882.75611402702,28384
35128.225403798024,26155
34121.038164433674,26405
34121.038164433674,26405
33623.92223310752,26155
35128.225403798024,34355
35128.225403798024,34355
35128.225403798024,34355
35128.225403798024,37555
35128.225403798024,37555
35128.225403798024,37555
34264.809664591914,33400
34264.809664591914,37555
34264.809664591914,34355
34264.809664591914,34355
34264.809664591914,37555
34264.809664591914,37555
34264.809664591914,37555
9982.56033630683,11999
15636.475159787735,7885
9982.56033630683,7885
9217.005385741866,8988
13195.967952409943,13781
9792.936973355425,11713
10143.693513230963,8900
5654.836250898671,6498
5102.829433318664,5440
9291.718497628686,7888
5487.273799492364,8800
6310.461957631142,5967
5446.094816072053,5800
5446.094816072053,5371
4691.918921328801,3500
10143.693513230963,9950
17268.609354260872,16391
17268.609354260872,15881
14284.879781504556,14992
17268.609354260872,14881
17439.84775857954,15993
14252.260139489,14394
14560.68220443986,20998
17472.330277802717,17491
14593.164723663034,18998
14430.347324297743,17995
14593.164723663034,15998
14813.81729982983,14487
14888.53041171665,15988
14221.790148874996,15995
14221.790148874996,14488
17309.51287843743,17297
17309.51287843743,16697
14430.347324297743,17888
14630.93567520935,16132
14410.283099042555,15998
14101.861034091697,14998
17472.330277802717,19998
17472.330277802717,17998
17985.4136137984,20000
17872.259984472967,18288
17472.330277802717,15998
14593.164723663034,15998
14593.164723663034,12999
21822.90112618036,21992
18180.406853008346,19500
18078.10262609854,18998
18078.10262609854,17998
11584.190723159822,15999
22285.866413582124,20986
22005.78275080084,20998
22005.78275080084,20888
18481.63682688582,20499
18481.63682688582,22500
18260.984250719022,20999
28104.675725854864,23991
18676.049047287757,15773
18676.049047287757,17487
18676.049047287757,17539
22122.57490188892,26998
22708.293190606688,28550
22122.57490188892,28450
22122.57490188892,27450
18377.7764018071,25999
18362.500307285056,25481
18377.7764018071,25888
18784.217560021418,22000
22122.57490188892,29450
22122.57490188892,20794
22122.57490188892,23829
18478.58293408493,25990
18377.7764018071,24750
18377.7764018071,26698
34449.3063378545,25450
34566.02101572367,24450
29345.663339740342,26995
35151.73930444144,30991
35151.73930444144,30991
29345.663339740342,23450
13526.54764191091,7499
5463.417262569725,5999
20099.04947758242,17760
20099.04947758242,19680
20099.04947758242,15023
20288.514535911523,17815
20099.04947758242,21165
20099.04947758242,15023
20099.04947758242,15023
20099.04947758242,15121
20758.22808240882,16465
20758.22808240882,16495
20099.04947758242,16715
20758.22808240882,17510
20758.22808240882,18033
20758.22808240882,18048
20758.22808240882,18095
20288.514535911523,18474
20099.04947758242,18595
20099.04947758242,20545
20758.22808240882,21140
20099.04947758242,22165
20099.04947758242,22165
20099.04947758242,15023
20758.22808240882,16215
20758.22808240882,16215
20758.22808240882,16215
20099.04947758242,16231
20758.22808240882,16315
20758.22808240882,17510
20099.04947758242,18910
20288.514535911523,20831
20099.04947758242,15023
20099.04947758242,15023
20758.22808240882,16081
20288.514535911523,21015
20758.22808240882,21710
20288.514535911523,20457
20099.04947758242,21165
20099.04947758242,15955
20758.22808240882,20090
22978.531848420065,31140
22184.026442625567,25375
22184.026442625567,38365
22184.026442625567,27520
22184.026442625567,31345
22978.531848420065,32140
28101.114677311125,29140
27700.66265975031,27955
27700.66265975031,27680
27700.66265975031,29455
27700.66265975031,29530
27700.66265975031,29720
27700.66265975031,29205
27700.66265975031,31715
27700.66265975031,24610
28217.829355180296,25105
27882.75611402702,25260
29075.648914804602,22850
12236.112601351033,7499
10961.698754021885,14922
15223.158490947346,12900
15148.44537906053,13494
16075.133506549624,12998
12536.789347583546,13981
12343.992936807666,11800
12269.279824920846,11688
12536.789347583546,13981
13195.967952409943,12998
12536.789347583546,13990
12343.992936807666,12800
12269.279824920846,11998
12035.570871856808,11995
12536.789347583546,9500
16075.133506549624,12998
9291.718497628686,6881
9792.936973355425,6991
12343.992936807666,10974
12269.279824920846,13791
12343.992936807666,10799
16075.133506549624,10980
9291.718497628686,8591
9792.936973355425,6881
10143.693513230963,8500
9291.718497628686,7991
9291.718497628686,7995
16519.57610522567,17700
13616.802161740576,13494
14110.772129797073,11599
13802.350064846214,12599
11058.497690618093,11198
13658.89563161184,8999
11381.797504429234,9499
17313.237497747898,27581
17313.237497747898,24681
22005.78275080084,9885
27978.360110238656,29745
18858.930671908238,20498
18377.7764018071,14999
12365.018768969518,11500
12365.018768969518,11498
8533.8276956896,11900
18858.930671908238,15995
8891.469864485622,7866
25064.797725716577,24659
24951.644096391145,25408
24951.644096391145,25483
25064.797725716577,25708
24951.644096391145,25908
24951.644096391145,25908
24951.644096391145,25908
24951.644096391145,29114
24951.644096391145,29527
23927.859362130912,31054
23927.859362130912,31054
24951.644096391145,27239
23927.859362130912,27414
23927.859362130912,27414
24951.644096391145,25360
24951.644096391145,26981
23286.38784877125,33762
17392.557312653575,19800
14588.104870400708,19499
22825.523249827744,21892
22825.523249827744,23042
22825.523249827744,23082
22825.523249827744,23082
22938.676879153176,21940
22938.676879153176,23415
22184.026442625567,23740
22825.523249827744,23440
12365.018768969518,14000
6028.737015827702,4991
16442.794444385243,14998
16992.81086995857,14500
13847.724304557449,19850
13910.04153467646,17999
13910.04153467646,15992
11164.373892694553,13995
5561.005355674484,6950
10961.698754021885,9991
7598.833094071655,8685
5650.2542615120165,7998
8255.919296579086,7999
14902.236238980877,8900
15210.658303931736,19991
15210.658303931736,20991
19590.5362845284,20700
18089.823858071417,20998
15210.658303931736,20998
15210.658303931736,17998
16493.65308244665,19988
16418.93997055983,19999
15210.658303931736,24998
15210.658303931736,17950
12146.549883474823,17500
12158.383864752755,15950
12221.262995361643,5499
14132.795417695685,18390
14588.104870400708,17091
14132.795417695685,15990
14513.391758513888,16491
14588.104870400708,14998
14588.104870400708,17079
14132.795417695685,14500
14132.795417695685,16890
14513.391758513888,13396
17011.960971835368,15881
17184.133622643476,12999
14513.391758513888,12495
14304.968068503791,13599
13996.546003552932,13998
13996.546003552932,12998
17184.133622643476,14599
14304.968068503791,13599
14513.391758513888,16000
14279.68280544985,10800
14279.68280544985,9499
7731.385733085404,8800
17184.133622643476,15998
17011.960971835368,14497
17184.133622643476,16998
14588.104870400708,17800
14132.795417695685,17990
14132.795417695685,17990
11461.117319334908,13388
14513.391758513888,18988
14513.391758513888,19888
14513.391758513888,16499
11461.117319334908,14000
11461.117319334908,12499
11341.271275445943,15988
11252.69362932481,10999
14304.968068503791,21900
14588.104870400708,17998
14513.391758513888,23999
14279.68280544985,14999
11341.271275445943,12988
11252.69362932481,14598
11535.830431221728,13950
7774.347163882399,11500
7898.948184491712,12495
7731.385733085404,10895
7606.784712476092,12799
14204.969693563029,12888
11637.30822321596,7995
7388.80489039925,9999
6361.0276321115925,6995
17673.312235151257,20000
14394.216974341323,20788
14085.794909390464,18488
14085.794909390464,15792
14394.216974341323,15999
14306.44748555726,13900
11341.942535162343,13781
7378.308242647908,6991
11879.556411213436,15888
22518.866086796523,22998
22005.78275080084,17799
21925.205353090165,13600
22005.78275080084,16799
22005.78275080084,17995
18260.984250719022,15998
18260.984250719022,13799
18260.984250719022,14998
23022.49415765611,42880
12365.018768969518,14991
8949.86734359206,10988
22827.54035187122,22901
11562.59511132914,7791
22147.896092669147,20660
22825.523249827744,28763
22184.026442625567,23600
22184.026442625567,23645
22184.026442625567,27465
22184.026442625567,27465
22184.026442625567,27465
22184.026442625567,20700
22938.676879153176,19245
22938.676879153176,19245
22184.026442625567,20700
22184.026442625567,20700
22184.026442625567,21245
22184.026442625567,22430
22184.026442625567,24010
22184.026442625567,24010
22184.026442625567,24575
22184.026442625567,25680
22184.026442625567,25860
22184.026442625567,24905
22184.026442625567,20690
22623.245819115775,22578
22907.75632128028,20002
22184.026442625567,21145
22184.026442625567,19005
22907.75632128028,19645
22184.026442625567,20110
22907.75632128028,20769
22184.026442625567,21130
22907.75632128028,21303
22907.75632128028,21664
22184.026442625567,23025
22184.026442625567,21145
22907.75632128028,20775
22184.026442625567,21130
22907.75632128028,19645
22184.026442625567,20945
23024.470999149453,20991
23024.470999149453,21785
22184.026442625567,20920
22184.026442625567,22344
22184.026442625567,25495
22184.026442625567,25775
22184.026442625567,28495
22230.129164121685,21480
22184.026442625567,21755
22184.026442625567,22755
22184.026442625567,23555
22184.026442625567,23555
22184.026442625567,23555
22184.026442625567,23555
22184.026442625567,23555
22184.026442625567,23555
22184.026442625567,23555
22184.026442625567,23555
22184.026442625567,23555
22184.026442625567,23555
22184.026442625567,23555
22184.026442625567,23555
22184.026442625567,23555
22907.75632128028,23605
22184.026442625567,23805
22184.026442625567,23805
22184.026442625567,23805
22230.129164121685,21605
22230.129164121685,21755
22230.129164121685,21755
22230.129164121685,23305
22230.129164121685,23305
22184.026442625567,21755
22184.026442625567,21755
22184.026442625567,22104
22184.026442625567,23805
22184.026442625567,21954
22184.026442625567,26470
22184.026442625567,25255
22184.026442625567,26800
22184.026442625567,28085
23020.909950605714,21225
22230.129164121685,26085
22230.129164121685,27040
22230.129164121685,27040
22346.843841990856,26640
22907.75632128028,23709
22907.75632128028,25298
22907.75632128028,25003
22907.75632128028,29057
22907.75632128028,29522
22907.75632128028,23586
23020.909950605714,36115
23020.909950605714,37970
23020.909950605714,36115
28101.114677311125,39881
28958.93423693543,38315
28644.73326988601,28875
28644.73326988601,36180
28644.73326988601,36315
28958.93423693543,36315
28644.73326988601,36360
28644.73326988601,37615
28644.73326988601,38180
28644.73326988601,41400
28174.43418567398,39374
28958.93423693543,36315
28958.93423693543,36315
27781.31753067989,32226
27781.31753067989,26104
27898.032208549062,31665
27898.032208549062,27304
27781.31753067989,22753
27781.31753067989,23082
27781.31753067989,27556
27781.31753067989,29195
27781.31753067989,29195
27781.31753067989,29195
27781.31753067989,29590
27781.31753067989,35790
27781.31753067989,37885
27781.31753067989,37885
28174.43418567398,24111
27781.31753067989,24995
28958.93423693543,24003
28958.93423693543,24003
27898.032208549062,24482
27898.032208549062,25390
27898.032208549062,25590
28291.148863543152,23545
27882.75611402702,31600
33485.4033676235,28671
33485.4033676235,29887
34121.038164433674,27075
34264.809664591914,31380
34264.809664591914,31380
35442.42637084745,31380
34121.038164433674,31480
34121.038164433674,31480
35442.42637084745,31480
35442.42637084745,33125
35442.42637084745,33870
35442.42637084745,33870
34264.809664591914,33970
34264.809664591914,33970
34264.809664591914,36245
34264.809664591914,37070
34264.809664591914,36395
34264.809664591914,37170
34264.809664591914,26575
34264.809664591914,30475
35128.225403798024,31480
34264.809664591914,33870
34264.809664591914,33970
34264.809664591914,35290
34264.809664591914,36245
34264.809664591914,37070
34121.038164433674,27075
34121.038164433674,30875
34121.038164433674,31730
34121.038164433674,31730
34264.809664591914,33970
34264.809664591914,37170
34264.809664591914,37170
34264.809664591914,31480
35128.225403798024,33970
35128.225403798024,31480
35128.225403798024,33970
34264.809664591914,31480
35128.225403798024,28970
35128.225403798024,32975
35442.42637084745,39825
35559.14104871662,42945
42409.693466556484,40940
42409.693466556484,43450
42095.49249950706,39945
42095.49249950706,41845
42095.49249950706,41845
42095.49249950706,37495
42095.49249950706,42395
42212.207177376236,49225
42212.207177376236,42895
42212.207177376236,42445
42212.207177376236,40988
42212.207177376236,46845
42409.693466556484,45927
42409.693466556484,49877
42409.693466556484,49911
42095.49249950706,46501
41625.193415295034,41098
42409.693466556484,50530
42212.207177376236,47142
42526.40814442566,45927
29067.965889251995,39991
42409.693466556484,43625
42409.693466556484,43625
42409.693466556484,50920
42409.693466556484,43625
41232.07676030095,33900
41348.79143817013,37745
42409.693466556484,46520
42409.693466556484,56180
42409.693466556484,49415
42409.693466556484,50527
42409.693466556484,59172
42409.693466556484,43895
42409.693466556484,50390
42409.693466556484,51560
42409.693466556484,52610
42409.693466556484,54005
42409.693466556484,54060
42409.693466556484,54860
42409.693466556484,55210
42409.693466556484,55490
42409.693466556484,55600
42409.693466556484,57195
42409.693466556484,57410
42409.693466556484,58040
42409.693466556484,58790
42409.693466556484,58840
42409.693466556484,63110
42409.693466556484,64070
42409.693466556484,64260
42409.693466556484,65890
42409.693466556484,66210
42095.49249950706,51935
42095.49249950706,57570
41232.07676030095,48890
42095.49249950706,55120
42095.49249950706,48245
41232.07676030095,48640
42095.49249950706,54310
42212.207177376236,57290
41348.79143817013,43895
41348.79143817013,50745
42212.207177376236,46488
41232.07676030095,39565
41232.07676030095,41455
41232.07676030095,41645
41348.79143817013,41595
41088.30526014271,32465
42409.693466556484,37205
42409.693466556484,37355
41232.07676030095,33375
42286.67404624393,46945
42286.67404624393,45395
42286.67404624393,45645
42403.3887241131,44845
42403.3887241131,48145
41423.25830703782,41199
41933.089639901074,44750
41717.883891159196,41170
40738.31660397556,43815
41717.883891159196,42615
41717.883891159196,33588
40876.835469459584,58645
41423.25830703782,47900
41423.25830703782,38700
41423.25830703782,43600
41423.25830703782,46500
41423.25830703782,44125
41423.25830703782,44425
41423.25830703782,44625
41539.97298490699,47625
41539.97298490699,44625
42600.87501329335,49745
41600.963121483226,63370
41600.963121483226,54895
41600.963121483226,57085
41600.963121483226,56495
41600.963121483226,58920
41600.963121483226,55445
40737.54738227712,54050
50484.73014371196,66138
50484.73014371196,67525
51757.62101677963,48988
50484.73014371196,51085
69841.11223657147,62325
13315.49295263866,8400
7077.273604298166,6995
6459.621660254488,5999
11009.953907217066,11977
11014.708883937416,9000
10878.128526741866,11885
16532.043350222775,15998
10961.698754021885,12200
17858.165245734595,16628
8079.96790252852,7885
17670.73807685749,16000
8293.775471353969,8885
11090.233027110204,9995
7396.196678666945,10800
21114.25035035168,29000
11090.233027110204,11988
25516.88412769683,23588
11090.233027110204,23888
8247.669634575148,9600
25521.63910441718,29998
25521.63910441718,31500
25521.63910441718,18870
25030.371661281413,18881
28405.3764121604,20999
28716.478923139053,15580
20977.66999315613,13999
25521.63910441718,24500
11318.245445315935,9800
5896.895961255214,5999
14381.16059744408,5999
7995.670999765594,5249
7832.863525079635,5499
11637.30822321596,5999
7832.863525079635,5500
11341.942535162343,5999
11637.30822321596,12988
11637.30822321596,7991
7692.362581290088,7991
7556.367341805558,9900
14689.58266239494,18223
14614.86955050812,16497
14614.86955050812,15996
17309.51287843743,20900
11341.942535162343,18991
17273.38252848101,19799
17673.312235151257,19999
7524.800129883781,7991
6203.72985299854,4999
17673.312235151257,16659
14394.216974341323,13998
14430.347324297743,17281
17309.51287843743,18490
17273.38252848101,16999
14394.216974341323,13599
14085.794909390464,13698
14221.790148874996,10588
14221.790148874996,12990
14593.164723663034,14998
14430.347324297743,19900
14221.790148874996,21500
7587.752639720961,9499
8031.811274401347,11500
14593.164723663034,19950
17872.259984472967,16988
17692.982853969515,17988
14593.164723663034,15998
7728.0216080524215,7995
17472.330277802717,20488
17472.330277802717,19492
17752.413940584,20988
17472.330277802717,19488
17472.330277802717,20995
17472.330277802717,19950
14813.81729982983,18991
14593.164723663034,17900
14593.164723663034,19898
14593.164723663034,17998
14593.164723663034,19898
14630.93567520935,13494
14593.164723663034,12705
14221.790148874996,12991
14430.347324297743,15995
14430.347324297743,13000
14705.64878709617,20100
14430.347324297743,19181
14410.283099042555,18491
14813.81729982983,16400
17569.53231596352,15800
17872.259984472967,22988
17692.982853969515,22988
18373.46831415216,14998
22005.78275080084,33998
22005.78275080084,25998
18260.984250719022,20998
18260.984250719022,17998
18260.984250719022,19998
18556.34993877264,20900
8861.094179281907,18681
23022.49415765611,23998
22122.57490188892,19799
22122.57490188892,26991
18478.58293408493,20988
18377.7764018071,25491
21925.205353090165,21499
22122.57490188892,36950
18180.406853008346,15990
18601.335935400937,16499
18180.406853008346,14900
18601.335935400937,13887
18180.406853008346,17399
17971.849677585597,14845
12182.137144349037,11499
22122.57490188892,29991
21925.205353090165,19995
22122.57490188892,16998
18784.217560021418,14699
18784.217560021418,12500
18377.7764018071,16998
18377.7764018071,17288
18784.217560021418,14891
18858.930671908238,11800
18858.930671908238,15405
11477.937774646874,12491
12365.018768969518,9800
11883.864498868379,9499
8526.567698188199,11881
22603.729171990057,22998
18377.7764018071,19998
22603.729171990057,26000
18858.930671908238,26800
12182.137144349037,14988
18362.500307285056,17000
18784.217560021418,22988
18377.7764018071,18900
18377.7764018071,22994
18377.7764018071,16998
18377.7764018071,14998
11883.864498868379,16799
12365.018768969518,12995
11984.67103114621,6995
9163.674912417508,8000
22113.12434717401,23288
34566.02101572367,30998
29345.663339740342,23998
30245.582595507534,28991
29345.663339740342,27998
29345.663339740342,25998
29345.663339740342,19998
26041.250260489684,20998
22601.640597730977,18988
12022.85558587116,25988
26041.250260489684,21799
22676.353709617797,13965
11616.414427656842,14900
11717.220959934673,12499
11616.414427656842,9995
29345.663339740342,30450
29345.663339740342,28998
29345.663339740342,24799
29826.81760984148,26500
26041.250260489684,22492
11616.414427656842,17500
35151.73930444144,36900
35151.73930444144,39988
35151.73930444144,37988
35151.73930444144,33888
35151.73930444144,36988
35465.940271490865,36000
29931.38162845811,30988
29931.38162845811,31888
29931.38162845811,28888
29931.38162845811,29988
29931.38162845811,30488
26522.404530590822,27000
25283.648151136113,31999
26142.056792767515,27168
26522.404530590822,25500
35465.940271490865,45888
35465.940271490865,43556
25858.368635869203,28981
26264.80979408352,17998
22418.758973110496,13500
8499.535647760042,10998
29826.81760984148,33250
29345.663339740342,25998
26041.250260489684,22998
26041.250260489684,29998
26522.404530590822,21900
26522.404530590822,39861
22601.640597730977,25888
8682.417272380522,15800
35151.73930444144,26488
29446.469872018173,32988
29826.81760984148,34692
29752.10449795466,37980
29826.81760984148,28888
29752.10449795466,36980
29345.663339740342,30998
26041.250260489684,29998
26447.691418704002,29988
25283.648151136113,26995
26522.404530590822,29998
25283.648151136113,29502
22676.353709617797,27998
22601.640597730977,21988
17074.646111416234,19488
29162.78171511986,23892
29162.78171511986,20998
26264.80979408352,18500
26264.80979408352,17663
26264.80979408352,17850
25283.648151136113,19881
25858.368635869203,19998
25858.368635869203,21881
25858.368635869203,20581
16893.075322435598,16790
29345.663339740342,14599
29345.663339740342,15699
29345.663339740342,18450
29345.663339740342,15998
29345.663339740342,19592
26041.250260489684,21998
26041.250260489684,14998
26041.250260489684,16998
16893.075322435598,12500
17074.646111416234,17990
35465.940271490865,33787
35465.940271490865,33988
29826.81760984148,36662
29162.78171511986,36998
26264.80979408352,33999
35349.22559362169,59195
35465.940271490865,43998
35465.940271490865,53995
35465.940271490865,44000
35465.940271490865,35500
35465.940271490865,45861
34566.02101572367,29950
35465.940271490865,41000
30245.582595507534,43777
29931.38162845811,29800
29345.663339740342,25998
30245.582595507534,46888
29752.10449795466,28988
29752.10449795466,30888
29752.10449795466,34988
29752.10449795466,23988
29752.10449795466,24988
29752.10449795466,24888
26447.691418704002,33988
26447.691418704002,25988
26447.691418704002,23988
26447.691418704002,22988
26522.404530590822,26000
26041.250260489684,32998
26447.691418704002,25988
26041.250260489684,34990
22601.640597730977,22988
22195.19943951666,30998
22601.640597730977,36888
22676.353709617797,21998
22195.19943951666,32998
17555.800381517372,21500
28588.06123038677,24997
25858.368635869203,29891
26264.80979408352,24377
26264.80979408352,23576
34566.02101572367,52500
29826.81760984148,34500
26522.404530590822,18550
41509.77421078929,32195
25283.648151136113,24888
35465.940271490865,36500
29345.663339740342,30450
29826.81760984148,34800
26522.404530590822,31777
26522.404530590822,37288
26522.404530590822,39888
22676.353709617797,33800
22676.353709617797,33800
35342.92085117831,36849
35342.92085117831,39388
35342.92085117831,40388
35342.92085117831,41988
35342.92085117831,38988
35342.92085117831,38888
35342.92085117831,42988
35342.92085117831,34888
22867.53525635466,28800
22013.628650536022,24950
28873.707371029803,38581
34757.20256246054,39980
34757.20256246054,42988
34757.20256246054,39850
29536.844886477204,33950
26638.872965440863,19432
30017.999156578342,35800
22867.53525635466,25998
36937.257853910196,38281
37721.20115941086,42900
42397.10338505612,59761
36937.257853910196,41367
33632.844774659534,39125
33632.844774659534,37526
46018.41827825687,30200
52573.34448617743,55622
52303.082224944694,44995
41423.25830703782,42870
41866.801180180395,42555
41866.801180180395,46405
42047.198291807086,25685
42047.198291807086,27860
7127.479890331906,7991
8199.373725807654,2000
26232.431807226545,16999
34757.20256246054,36998
41700.95575752616,41130
42342.06069385316,50115
26690.655118933068,24998
26690.655118933068,22998
26156.304861724402,21800
26266.820448873154,21000
29883.087420758144,26994
29514.812307356806,27097
27553.697396645268,22988
27553.697396645268,26701
27553.697396645268,28345
27553.697396645268,30155
27553.697396645268,24288
27553.697396645268,24488
27553.697396645268,30745
27553.697396645268,28545
27553.697396645268,24395
27553.697396645268,24488
27553.697396645268,24590
28958.93423693543,24185
27553.697396645268,25220
27553.697396645268,25465
27553.697396645268,25465
27553.697396645268,31325
27553.697396645268,25265
27553.697396645268,30985
27553.697396645268,31190
27553.697396645268,32430
29075.648914804602,28730
29075.648914804602,28730
27553.697396645268,24045
27553.697396645268,31150
27553.697396645268,37760
27781.31753067989,31175
40738.31660397556,41638
10878.128526741866,7900
6604.7837998522145,5500
11240.890947233662,6999
11240.890947233662,9999
11357.68309832174,9999
11221.102741126191,10980
11357.68309832174,8999
17853.410269014246,18800
17853.410269014246,16400
11221.102741126191,13999
11023.290666339593,14288
7882.155827741921,11900
8435.199341517311,12498
7529.07385873071,4800
7545.139983431941,3999
7728.0216080524215,6500
11539.529686964583,8991
6402.677602320251,5995
17162.547615332387,18797
17162.547615332387,20597
17289.448653182237,19998
14283.382061192704,19881
14410.283099042555,18998
8031.811274401347,9495
11539.529686964583,10995
11653.37434791719,8800
14888.53041171665,10430
11584.190723159822,12500
18033.441589903305,14500
8041.105340432118,5999
12062.438035833917,9800
6856.594757703139,6998
21778.240089985124,22997
22005.78275080084,25488
18556.34993877264,4499
18194.89477718662,15998
12365.018768969518,16835
18858.930671908238,16484
12290.305657082698,18988
9163.674912417508,9999
22122.57490188892,22997
18033.441589903305,22991
21778.240089985124,20497
18033.441589903305,15881
18601.335935400937,17871
18676.049047287757,19473
18033.441589903305,16988
18601.335935400937,14987
18676.049047287757,17997
21778.240089985124,15788
22708.293190606688,16000
22122.57490188892,20991
22529.016060103237,19998
18784.217560021418,19988
18377.7764018071,17250
18377.7764018071,18481
18478.58293408493,16495
18784.217560021418,18247
18377.7764018071,12499
18858.930671908238,16988
18858.930671908238,17995
18377.7764018071,21496
11539.529686964583,15881
12365.018768969518,16300
11539.529686964583,15881
12365.018768969518,16800
11539.529686964583,12999
8533.8276956896,16888
8320.02012686415,13999
18858.930671908238,9800
22603.729171990057,21000
18377.7764018071,20750
18858.930671908238,19450
18478.58293408493,19899
11883.864498868379,16999
8157.778769237063,2999
11700.9828742479,10481
18377.7764018071,12990
18858.930671908238,11399
18784.217560021418,12000
12290.305657082698,10000
18377.7764018071,17991
18377.7764018071,12995
18377.7764018071,17995
12365.018768969518,14995
26447.691418704002,17991
26041.250260489684,18799
26041.250260489684,22750
26041.250260489684,21999
22195.19943951666,24995
11434.843638676206,18765
22230.129164121685,28995
27553.697396645268,26105
27553.697396645268,25210
27553.697396645268,24725
27553.697396645268,25045
27553.697396645268,26105
27553.697396645268,26540
27553.697396645268,26590
27553.697396645268,22127
27553.697396645268,22127
27553.697396645268,25045
27553.697396645268,25045
27310.333890827096,25045
27553.697396645268,22270
27310.333890827096,24545
27987.961047985693,28931
27553.697396645268,22270
27553.697396645268,22550
28101.114677311125,20929
27310.333890827096,24365
27310.333890827096,24365
27310.333890827096,24365
27310.333890827096,24365
27310.333890827096,25695
27310.333890827096,26090
27310.333890827096,26350
27310.333890827096,26545
27310.333890827096,26545
27310.333890827096,26945
28101.114677311125,20313
28101.114677311125,20315
28101.114677311125,20315
28101.114677311125,20315
27553.697396645268,31476
27553.697396645268,32495
27553.697396645268,32995
27553.697396645268,34541
27553.697396645268,34995
28644.73326988601,24845
27781.31753067989,28161
27781.31753067989,25156
28958.93423693543,30270
27898.032208549062,23235
28644.73326988601,28630
28644.73326988601,29705
28644.73326988601,30005
28644.73326988601,33760
28644.73326988601,33760
28644.73326988601,33785
28644.73326988601,35185
28644.73326988601,28580
28644.73326988601,30255
28644.73326988601,33585
28644.73326988601,34085
27781.31753067989,25496
27781.31753067989,27080
27781.31753067989,27668
27781.31753067989,29855
27781.31753067989,33685
27781.31753067989,33885
27781.31753067989,33985
27553.697396645268,21317
27553.697396645268,23185
27553.697396645268,19608
27553.697396645268,20147
27553.697396645268,20147
27553.697396645268,20147
27553.697396645268,20147
27781.31753067989,22285
27781.31753067989,22285
27553.697396645268,22579
27781.31753067989,23390
27781.31753067989,23390
27553.697396645268,26400
28644.73326988601,29900
27553.697396645268,20147
27781.31753067989,22285
27781.31753067989,22490
27553.697396645268,21296
27553.697396645268,22264
27735.790850921978,27390
28644.73326988601,30240
28958.93423693543,30555
28958.93423693543,30555
29075.648914804602,37615
28644.73326988601,48897
28958.93423693543,49910
28761.44794775518,48437
28644.73326988601,29940
28644.73326988601,30490
28958.93423693543,32695
28644.73326988601,31047
28644.73326988601,26511
28644.73326988601,26511
28644.73326988601,26558
28958.93423693543,27040
28644.73326988601,27499
28644.73326988601,27499
28644.73326988601,28265
28644.73326988601,28828
28644.73326988601,29155
28644.73326988601,29451
28644.73326988601,32596
28644.73326988601,37860
27735.790850921978,24861
27735.790850921978,24852
28761.44794775518,22411
27735.790850921978,26492
27735.790850921978,25761
33485.4033676235,31019
35128.225403798024,33029
35128.225403798024,33356
35128.225403798024,28607
35128.225403798024,30849
35128.225403798024,29971
35442.42637084745,30885
35442.42637084745,31310
35128.225403798024,31671
35128.225403798024,32496
33485.4033676235,33769
33485.4033676235,33769
35128.225403798024,34261
35128.225403798024,34261
35128.225403798024,34261
35128.225403798024,34271
35128.225403798024,34271
35128.225403798024,34369
35128.225403798024,39731
35128.225403798024,39731
33485.4033676235,31966
33485.4033676235,34399
35128.225403798024,28859
33485.4033676235,29918
35128.225403798024,34394
35128.225403798024,34396
35128.225403798024,28728
35128.225403798024,32369
35442.42637084745,47810
35128.225403798024,46770
35442.42637084745,48160
35128.225403798024,49070
35128.225403798024,49070
35442.42637084745,49960
35442.42637084745,50220
35128.225403798024,50325
35128.225403798024,54650
34264.809664591914,40934
34264.809664591914,45664
34264.809664591914,45664
35128.225403798024,48978
35442.42637084745,54480
35442.42637084745,54480
35442.42637084745,47070
35442.42637084745,47740
35442.42637084745,54860
35442.42637084745,54650
35442.42637084745,49990
35128.225403798024,39011
35559.14104871662,47758
35128.225403798024,33758
35128.225403798024,36499
35128.225403798024,43859
34264.809664591914,30474
35128.225403798024,40838
40452.670463332535,41243
42095.49249950706,44711
40452.670463332535,44793
42095.49249950706,50696
42095.49249950706,52538
42095.49249950706,41011
40452.670463332535,44633
40452.670463332535,37172
40452.670463332535,43578
40452.670463332535,43578
42095.49249950706,37067
42095.49249950706,40608
42095.49249950706,40963
42095.49249950706,40963
42095.49249950706,40963
42095.49249950706,40963
42095.49249950706,40988
42095.49249950706,41341
42095.49249950706,41341
41232.07676030095,41588
41232.07676030095,45078
42095.49249950706,45907
42095.49249950706,45962
40452.670463332535,39045
41232.07676030095,45558
42095.49249950706,40218
42095.49249950706,41978
42095.49249950706,42033
42095.49249950706,42033
42095.49249950706,42033
42095.49249950706,42403
42095.49249950706,43578
42095.49249950706,43578
42095.49249950706,43633
42095.49249950706,43633
42095.49249950706,43633
42095.49249950706,43633
42095.49249950706,43633
42095.49249950706,43633
42095.49249950706,43633
42095.49249950706,43633
42095.49249950706,43973
42095.49249950706,43973
42095.49249950706,44058
42095.49249950706,44058
42095.49249950706,44058
42095.49249950706,44058
42095.49249950706,44058
41232.07676030095,45558
42212.207177376236,41110
42095.49249950706,36585
42095.49249950706,36885
42095.49249950706,38805
42409.693466556484,38805
42095.49249950706,39210
41232.07676030095,32064
41232.07676030095,35385
42212.207177376236,41010
42212.207177376236,38605
11014.708883937416,4950
17736.61811792617,16740
17741.37309464652,13800
8532.21475925468,7988
17736.61811792617,17988
17604.79273745097,18999
21314.113354784175,24564
17523.77281375245,20676
21314.113354784175,33900
11090.233027110204,14995
33936.83659912238,34800
10913.05508368869,15990
11836.25597253767,10795
17767.695965856336,16995
11539.529686964583,12500
7552.385669556494,6995
18298.75520226534,23850
18178.909158376373,21499
18373.46831415216,19993
18298.75520226534,16977
18298.75520226534,17596
18078.10262609854,20481
18033.441589903305,20499
18033.441589903305,19600
18078.10262609854,17998
11804.843299326616,17988
8401.917091985832,8999
18481.63682688582,17989
18556.34993877264,22741
18481.63682688582,24988
12062.438035833917,10800
12062.438035833917,16995
8584.798716606312,11995
7913.197421110209,6995
8584.798716606312,11988
8223.986965052598,6499
6856.594757703139,7995
12062.438035833917,15850
8223.986965052598,7895
18373.46831415216,25852
22005.78275080084,25998
18033.441589903305,11995
12062.438035833917,15995
12062.438035833917,19988
12062.438035833917,10881
18078.10262609854,19999
18481.63682688582,22988
18481.63682688582,26990
11767.0723477803,16950
12062.438035833917,16948
18481.63682688582,17988
18481.63682688582,16598
11987.724923947097,18888
11987.724923947097,14988
11987.724923947097,14289
8642.53163373611,9888
18033.441589903305,15581
18078.10262609854,16998
8678.212554661426,8499
11539.529686964583,13500
8861.094179281907,9995
8189.492883785803,9881
7713.838856839811,7555
22122.57490188892,17998
22603.729171990057,15988
22122.57490188892,29995
8320.02012686415,8999
8350.94607106912,9999
23022.49415765611,17790
21778.240089985124,22897
18194.89477718662,19991
18033.441589903305,21000
18377.7764018071,18492
21939.693277268438,18981
18194.89477718662,19991
18194.89477718662,20781
18194.89477718662,20781
18194.89477718662,18998
18601.335935400937,19900
18033.441589903305,18990
18033.441589903305,18990
18033.441589903305,15790
18601.335935400937,21000
18601.335935400937,18499
18033.441589903305,18200
18194.89477718662,17998
18033.441589903305,19290
18194.89477718662,20998
18033.441589903305,18990
18601.335935400937,19900
18676.049047287757,17800
18033.441589903305,18990
18194.89477718662,17991
18033.441589903305,19000
22122.57490188892,25998
12365.018768969518,6499
22708.293190606688,30990
21960.333544261834,35995
18676.049047287757,14800
18215.535044180015,15964
11700.9828742479,14500
18215.535044180015,24995
22223.38143416675,31988
18478.58293408493,25688
9158.919935697159,15900
22346.134435482756,20999
18601.335935400937,25988
18601.335935400937,23424
18601.335935400937,28988
18601.335935400937,20998
18194.89477718662,16999
12107.424032462217,21988
22122.57490188892,21998
22708.293190606688,24600
22708.293190606688,24700
22708.293190606688,25988
29345.663339740342,26490
11434.843638676206,5991
29162.78171511986,27998
26339.52290597034,27800
33808.418906370105,31688
26522.404530590822,28877
22195.19943951666,31991
22603.65125252061,23999
22603.65125252061,26000
37329.09593958112,49861
68367.04077333034,50840
14888.53041171665,36800
11641.696816761885,21995
18784.217560021418,25598
26447.691418704002,24000
35103.44509674147,46800
91235.86852374434,88260
91235.86852374434,87740
50440.64139166048,65700
41423.25830703782,51895
41423.25830703782,53180
46025.73722160876,53685
46339.93818865818,63070
46025.73722160876,50500
46456.65286652736,55495
43162.58584594825,37060
43162.58584594825,51760
43279.30052381742,38044
70472.47532175953,70825
70472.47532175953,72270
70472.47532175953,79950
70472.47532175953,87080
70343.50305374569,74820
70343.50305374569,57988
70343.50305374569,73988
70343.50305374569,77670
70343.50305374569,96270
68367.04077333034,67990
70343.50305374569,72960
70343.50305374569,73270
70343.50305374569,72825
70460.21773161486,82770
70460.21773161486,93395
68483.75545119953,65235
68483.75545119953,60940
68483.75545119953,62305
70343.50305374569,108695
70472.47532175953,78645
70472.47532175953,82595
68367.04077333034,61650
70460.21773161486,62220
70460.21773161486,62570
67435.83431649004,78367
67435.83431649004,79401
70472.47532175953,73881
70460.21773161486,64820
91235.86852374434,101020
84565.94487155334,76515
5873.811052779051,8900
7812.517831316982,9500
26591.201962129006,11995
8026.325400142431,6666
28336.335466863213,38497
36725.59720602542,34998
6585.119373683791,8888
21778.240089985124,38881
7552.385669556494,34900
11616.414427656842,16750
9558.610495463101,5800
11616.414427656842,9995
27591.967388302648,24800
27591.967388302648,34800
29127.244922439997,38797
18816.54478596606,11498
18816.54478596606,18988
17787.717810172795,21988
35398.30749878754,26998
19408.13536122267,12988
13996.082947726989,9791
17787.717810172795,10874
30177.949822804207,33998
28264.223923147365,43800
28264.223923147365,42500
24418.17310217434,29000
17906.9325944801,20881
70460.21773161486,59688
39364.64896353236,35988
39254.13337638361,38880
38848.63580716042,38988
39364.64896353236,36888
39254.13337638361,31998
70589.1899996287,59991
53204.7075713655,48242
52965.219716202904,22991
39254.13337638361,33720
37863.44619678979,23998
39254.13337638361,53877
39254.13337638361,54977
37863.44619678979,32998
37863.44619678979,35900
37863.44619678979,45800
39254.13337638361,39800
26254.11870077387,34999
70460.21773161486,64900
53204.7075713655,73500
37863.44619678979,47991
31538.485275509025,43980
39071.25175176313,48800
52965.219716202904,37998
53075.735303351656,39988
39254.13337638361,46230
39364.64896353236,41988
39364.64896353236,39988
39254.13337638361,75800
31538.485275509025,75900
37453.84623275257,51881
37863.44619678979,53998
39254.13337638361,43800
36932.23973994948,26891
53204.7075713655,39800
39254.13337638361,37800
70589.1899996287,57880
85663.94365757378,56995
54400.5111773401,48880
11888.496549325162,9900
22392.568449298156,18488
13996.082947726989,21800
41427.04718317376,27300
25394.800471058865,25998
17677.157868583905,17000
22501.136856694324,16900
7227.564905883703,5999
11797.920241327236,11900
29357.75213799267,22998
29357.75213799267,21998
29357.75213799267,21998
30702.671007768837,22296
27287.742341369423,39500
23441.691520396398,36500
22270.955078082163,20488
13596.764281710202,15998
41704.74463366211,32420
41704.74463366211,36605
37863.44619678979,32998
39254.13337638361,32998
23027.485922580523,38900
6649.177329638886,5903
6675.154934803512,3500
16104.182436937783,17995
17537.909779821413,16499
40556.87678107593,30405
40556.87678107593,43335
41261.29230707942,32460
40556.87678107593,43730
41261.29230707942,44154
41575.493274128836,33110
41536.44406825957,37510
41536.44406825957,37530
41536.44406825957,37780
41575.493274128836,39055
41261.29230707942,39530
41261.29230707942,39580
41536.44406825957,40080
41536.44406825957,40475
41536.44406825957,40725
41261.29230707942,42080
41261.29230707942,43140
41241.81848413819,43620
41241.81848413819,44900
41261.29230707942,46040
41261.29230707942,46340
41261.29230707942,46795
41536.44406825957,48940
41241.81848413819,33305
41241.81848413819,37650
41241.81848413819,37650
41241.81848413819,41280
41241.81848413819,42080
41241.81848413819,43620
41241.81848413819,36310
41241.81848413819,37650
41241.81848413819,37650
41241.81848413819,39180
41241.81848413819,39180
41241.81848413819,39940
41261.29230707942,39940
41241.81848413819,43140
41241.81848413819,46040
41241.81848413819,48540
41241.81848413819,36050
41241.81848413819,39975
41241.81848413819,42080
41241.81848413819,43620
41241.81848413819,43620
41241.81848413819,49335
41358.53316200736,42400
41292.865688343605,44900
39871.16585631523,30590
41427.04718317376,44500
41427.04718317376,46500
41427.04718317376,46500
41427.04718317376,46900
41427.04718317376,51500
41427.04718317376,51500
41427.04718317376,58650
41427.04718317376,45525
41427.04718317376,45925
41427.04718317376,45925
43178.635771452115,58055
41427.04718317376,51500
43843.26346059573,39416
43843.26346059573,40591
43843.26346059573,43256
43843.26346059573,44306
43843.26346059573,44856
43843.26346059573,51013
43843.26346059573,51093
43972.23572860957,55695
43972.23572860957,55705
43972.23572860957,59935
43972.23572860957,61490
41181.85947711814,38997
41181.85947711814,40842
43972.23572860957,55560
43972.23572860957,59660
43972.23572860957,59975
43972.23572860957,60115
41181.85947711814,40850
43843.26346059573,37650
43843.26346059573,37995
43843.26346059573,38083
43843.26346059573,38083
41181.85947711814,40849
41866.801180180395,42922
43843.26346059573,43345
43972.23572860957,55195
43972.23572860957,56045
41181.85947711814,39916
43843.26346059573,40489
43843.26346059573,40489
43843.26346059573,41292
43843.26346059573,41694
43843.26346059573,41694
43843.26346059573,42119
43843.26346059573,42119
43162.58584594825,53216
43959.9781384649,39492
41983.51585804957,42375
43959.9781384649,39775
44088.95040647875,55260
44088.95040647875,45550
44088.95040647875,56287
41181.85947711814,35995
41983.51585804957,33545
41181.85947711814,35598
41181.85947711814,39452
43843.26346059573,40332
43843.26346059573,30673
41866.801180180395,37089
43972.23572860957,44985
43972.23572860957,47360
43972.23572860957,49210
43843.26346059573,52712
43972.23572860957,46775
43972.23572860957,49070
43843.26346059573,52185
43972.23572860957,47460
43843.26346059573,43969
43972.23572860957,46750
43843.26346059573,52030
43972.23572860957,52030
43843.26346059573,60115
43843.26346059573,60115
43972.23572860957,60115
43843.26346059573,62300
43972.23572860957,63515
43972.23572860957,56460
43972.23572860957,63560
43972.23572860957,56803
43972.23572860957,56240
43972.23572860957,56240
52380.154385674934,41815
53675.93905144279,70836
52380.154385674934,62300
53368.44801403631,76176
53368.44801403631,80550
54485.58893410411,75145
53485.16269190548,76645
54356.61666609027,78055
6416.030804454376,5300
6368.091346461842,6999
20905.178201918858,20995
24448.996864929522,42703
16530.574109173634,9800
12154.163602018429,10895
8872.90352829403,9900
16421.62607751128,28900
17046.608773553493,27900
22081.22417167499,22990
32848.497029322854,48945
36749.47012830326,45881
5979.110441844086,4499
17346.728233084552,7499
8687.152692773152,9988
25859.810437590055,28950
22467.281561184976,20499
16893.206288516605,16980
8084.937801578436,12885
7871.130232752986,12500
8275.220512598109,12888
17272.01512119773,13999
8190.58784682406,12995
29808.92700814552,23991
29355.405063577575,21998
22085.726379046588,17250
22204.94116335389,16891
17537.909779821413,17800
26429.800817008043,26198
17463.196667934593,28988
17084.387835253467,16950
8878.334239510014,13800
8664.526670684565,16991
7943.096995182544,13991
26151.798516604747,31988
17537.909779821413,10950
17537.909779821413,15000
8878.334239510014,10895
17084.387835253467,24995
17463.196667934593,23988
12455.024035267728,12999
9732.377087715891,11998
9732.377087715891,8395
17537.909779821413,11785
17537.909779821413,11880
9732.377087715891,6888
17537.909779821413,18988
11802.675218047583,14881
28945.80509954037,39997
28945.80509954037,39497
28945.80509954037,37997
34575.76273956091,46990
29355.405063577575,43029
29584.366699204787,39988
29808.92700814552,37995
26050.991984326916,36990
26429.800817008043,33000
26429.800817008043,36400
22204.94116335389,21950
22583.749996035018,38000
34575.76273956091,32491
29355.405063577575,27995
29355.405063577575,32991
29355.405063577575,25980
26050.991984326916,27991
26050.991984326916,23985
25834.447041100066,27548
34575.76273956091,38950
34575.76273956091,34250
34575.76273956091,39250
34575.76273956091,34998
34575.76273956091,32450
29584.366699204787,34000
29734.2138962587,37488
29808.92700814552,25715
29355.405063577575,30998
29355.405063577575,34250
26050.991984326916,31990
26504.513928894863,28399
26050.991984326916,33929
26050.991984326916,28950
26429.800817008043,30494
26504.513928894863,35418
26050.991984326916,35998
26050.991984326916,32499
22305.747695631722,28488
12455.024035267728,21000
41865.19224812291,34881
21913.68310824022,26988
17537.909779821413,20888
17537.909779821413,19888
12386.074326969532,14995
33480.451850763,24997
28260.09417477967,24297
28260.09417477967,29590
28486.812514196397,27998
25299.61358590247,25515
25182.39943494574,26998
25182.39943494574,26998
25299.61358590247,27832
21400.01545428589,13800
21336.348613972714,20998
28770.50067109471,23788
25365.28105956622,25998
16398.67691049277,16881
16398.67691049277,13500
16215.795285872293,16016
25365.28105956622,14998
27287.742341369423,33592
27398.25792851818,28924
18431.65377944473,22000
17150.40174998174,18400
13019.601365949047,18940
34760.99143859649,45955
34760.99143859649,42450
34760.99143859649,43750
36234.882576386495,31935
29540.63376261315,27450
29540.63376261315,38950
30201.233304233567,43998
29540.63376261315,31998
29540.63376261315,28998
27470.623965989904,37766
25826.620719325285,34990
26236.22068336249,22998
26236.22068336249,29450
27470.623965989904,22800
23050.769404009883,23800
22390.169862389466,32991
23050.769404009883,24800
22390.169862389466,25788
17930.21607590946,21495
31496.270964926298,28999
35398.30749878754,53998
31679.15258954678,31999
28264.223923147365,28880
26873.536743553548,33990
26873.536743553548,34990
26873.536743553548,39995
28264.223923147365,33500
23027.485922580523,26397
14209.890516552437,11771
26463.93677951634,27981
28374.73951029612,39980
28264.223923147365,29800
14209.890516552437,12880
24528.688689323095,29988
31385.755377777543,32988
28191.85788567564,24738
28191.85788567564,23570
28264.223923147365,26777
37680.56457216931,30998
39364.64896353236,38988
37863.44619678979,34998
39364.64896353236,33400
37863.44619678979,32991
32929.17245510284,39800
31243.22663420571,29881
31538.485275509025,32891
39071.25175176313,41765
39071.25175176313,49745
37453.84623275257,39088
39071.25175176313,38800
39071.25175176313,43997
37863.44619678979,42881
26177.437681563802,28800
52855.413899347695,48290
41062.08213777515,45788
41062.08213777515,48335
41062.08213777515,48335
41062.08213777515,48335
41062.08213777515,48335
41062.08213777515,48335
41062.08213777515,49130
41062.08213777515,49130
41062.08213777515,50630
41062.08213777515,51425
41062.08213777515,51425
41062.08213777515,51425
41062.08213777515,51425
41062.08213777515,47888
41062.08213777515,50630
41062.08213777515,50630
41062.08213777515,45788
41062.08213777515,45588
41062.08213777515,46988
41062.08213777515,51425
41062.08213777515,46988
40474.57126748573,41407
40818.50375785919,45788
40082.51485059151,48215
40082.51485059151,59725
40082.51485059151,38075
41062.08213777515,44595
41062.08213777515,43035
41062.08213777515,60880
40082.51485059151,26999
40082.51485059151,33795
40082.51485059151,27426
41062.08213777515,46998
40082.51485059151,31041
40082.51485059151,39469
40474.57126748573,40235
40522.26884759815,40480
40522.26884759815,52425
41501.836134781784,46385
41501.836134781784,43005
40522.26884759815,47885
40522.26884759815,47885
41501.836134781784,46485
41501.836134781784,40635
41501.836134781784,55430
40914.32526449236,48130
41258.25775486582,52080
41258.25775486582,41588
41501.836134781784,33490
40914.32526449236,33225
40522.26884759815,28995
42113.17011383403,27960
41207.210550660406,37715
42113.17011383403,43065
43541.51865732029,35775
43110.620360172165,30845
43110.620360172165,30845
43110.620360172165,30845
43110.620360172165,30845
43110.620360172165,30845
43110.620360172165,30845
41555.29385205004,34095
43551.09995631636,37485
40870.35214898778,37988
43110.620360172165,42485
43551.09995631636,53660
41262.408565882,49530
25476.255058581464,17400
12154.163602018429,24995
25385.42662308844,22997
25916.009055588103,13599
37932.34775636579,30750
8955.033850312264,10250
25285.37199872883,27370
26504.513928894863,19347
26504.513928894863,25589
28471.443169055954,18097
28698.16150847268,17499
25167.030089805296,17988
25834.447041100066,18800
25834.447041100066,21007
25167.030089805296,16488
25393.74842922202,16998
25285.37199872883,19988
25285.37199872883,15986
25285.37199872883,16500
25834.447041100066,16800
21988.39622012704,17800
16318.767849655384,16250
16427.144280148572,13999
11473.03999810674,9500
22286.39575087649,16998
22286.39575087649,15998
35118.92534223753,55800
35118.92534223753,59800
34591.549853419754,35988
22167.180966569187,41988
22167.180966569187,32900
17046.627638468763,35300
17165.842422776066,23995
12028.856516113756,20600
28698.16150847268,34998
25167.030089805296,24000
29815.6684837813,23988
26504.513928894863,28800
12745.531214895427,13997
17046.627638468763,21500
12810.975549871915,16800
33918.51918445602,27998
25167.030089805296,24000
21547.697608248996,18591
16482.42881224593,15995
17898.704807393395,12999
25804.346149996352,31500
30074.17571129123,28998
22923.711811067547,29998
12985.934982151479,11888
25804.346149996352,28000
17064.46034033963,9500
27040.268388746408,47500
23011.335943152906,17800
30161.79984337659,27800
29612.724801005355,26988
26308.311721754693,23436
26031.06448941308,26998
29335.477568663737,26981
29612.724801005355,21288
22462.260900781668,23000
33205.1516860307,28480
29665.756501968626,28500
18073.66423967296,21800
29335.477568663737,27850
30161.79984337659,33000
37771.65557028434,41500
29898.50288149545,39994
29456.842530636644,29597
30896.696056512297,35788
26379.147790802712,26998
22533.096969829687,25998
36490.63208338156,29000
13482.509390699095,10995
37759.67208527681,25993
42869.49171159452,64900
11666.97833884411,10499
16972.99734973637,13999
13658.297734945409,12881
17165.842422776066,12885
17537.909779821413,12500
12148.07130042106,12885
16867.842892026616,17800
12204.363598808215,9995
22923.711811067547,15799
17683.94369865982,11299
17683.94369865982,14281
13998.522547071037,14988
44024.579114658765,45520
41252.59279949316,47325
46308.307097728844,46755
41474.35668854523,25806
40789.414985482974,27655
40789.414985482974,33735
29240.934977851226,26998
13765.383778011765,8998
22809.45525713238,7999
14230.66824945893,8800
18054.770164000183,15888
20094.806975718515,13998
44068.462089178814,66800
138975.8346993082,127500
56126.84485746623,55800
56126.84485746623,107777
166224.99118162238,143880
18870.33729659571,5995
40977.441038313016,49737
40977.441038313016,50832
40977.441038313016,45438
138980.08941068404,130138
152537.3538733715,79535
28649.581068850246,26800
17053.633615429524,10995
52508.52708473805,54998
55102.28932810936,53800
10557.298445823975,14950
7847.22083520403,7998
22990.341067440866,35877
12411.55605558105,23988
7750.624412139592,16988
28994.502675311844,23697
29112.84458423538,27488
29661.919626606614,26800
7928.12773064084,14999
34770.67686930218,25999
29550.319193318857,21999
9070.916153113456,12990
28994.502675311844,38997
25916.80793547791,33995
12671.130806676947,21450
39491.735305463175,55449
56126.84485746623,70992
56126.84485746623,147880
56126.84485746623,55800
138975.8346993082,68998
16132.731477905005,9500
20514.586663377937,7885
17468.813301269434,11985
35853.31686954507,35800
5501.379814967281,6500
11830.404494203687,8900
5815.199722124765,6900
22180.732481045037,11988
25106.30287101874,22995
10956.785824924975,21900
25356.716414223265,33000
22180.732481045037,34500
16132.731477905005,34991
12191.100977216372,17888
140484.86897593207,150195
34528.87677183427,28800
17060.179152944613,7995
132794.84931651488,60988
50424.87719821304,54800
40936.17240806979,57780
40936.17240806979,60370
39972.76168802822,60085
17048.40091288784,21995
16348.67589870022,13998
17515.896626846486,22988
8707.467575258093,8999
53381.7327793834,48800
37144.87008677832,46888
38490.83817336372,149800
84214.40650070597,91450
18034.76321398205,15967
17031.662916366844,13900
11655.676413025958,10995
18043.946761564654,17688
17611.981246090265,23998
37788.14699490299,41800
37788.14699490299,34800
37412.307431413654,33799
35998.19384160091,39995
37594.28467834324,25998
69539.41155414071,56500
78876.39295355817,34800
52542.58894819144,51861
78876.39295355817,62800
69397.34581118707,180945
51846.86578836169,45525
51846.86578836169,48170
51467.731000077765,48705
51846.86578836169,49045
51846.86578836169,55095
50782.78929701551,58095
51467.731000077765,60970
51846.86578836169,65790
51846.86578836169,68490
51467.731000077765,69890
51846.86578836169,42660
51846.86578836169,60600
51846.86578836169,63900
50782.78929701551,58095
51174.84571390973,43480
18133.501027295035,29800
17123.99385904382,12988
11309.698325770933,15888
12240.10434134573,18988
36805.08465319286,44988
36805.08465319286,44888
37180.9242166822,33500
36805.08465319286,42988
37180.9242166822,34500
36805.08465319286,40587
36541.42284715541,42388
37180.9242166822,42800
36805.08465319286,36985
37180.9242166822,34000
37180.9242166822,39800
36541.42284715541,42988
37180.9242166822,44000
37180.9242166822,44000
30480.12373191211,37949
42936.48953990538,52988
42936.48953990538,27988
42936.48953990538,27988
42936.48953990538,45710
37363.80584130268,38995
37158.75602781,41950
37158.75602781,41991
37363.80584130268,43115
37363.80584130268,43800
37236.835568168695,39500
37195.69949443072,38988
30833.795106529236,34889
31038.844920021922,34000
11038.94614791826,10950
12534.047206830763,7500
29395.01108736793,22988
90138.95047160238,218995
88420.52992827371,107243
24277.42222392315,20988
24564.23892142345,13300
17747.81767981765,16991
51518.77820428319,41300
51567.9305769973,53250
51567.9305769973,55006
54333.33370793178,76595
36541.42284715541,37590
36768.14118657214,35998
36541.42284715541,32881
36541.42284715541,30881
36541.42284715541,33990
36541.42284715541,30881
37158.75602781,35994
39893.07968586194,34999
37239.305590018404,44990
49434.40486300618,40655
49139.779278884795,45435
52462.19320701363,100260
50268.522088789665,48415
50268.522088789665,54995
51004.510996057346,52388
24277.42222392315,15888
24335.650205494025,20495
21776.364100651623,13995
24769.288734916136,21800
37180.9242166822,29995
43344.08374193994,48800
36822.688934406215,45300
18352.567425338068,18701
40508.407104513884,38800
39893.07968586194,39797
39893.07968586194,29498
36805.08465319286,36899
36805.08465319286,33550
37180.9242166822,35800
29651.871582107156,26991
40253.48583564191,57998
31038.844920021922,19888
51846.86578836169,36665
51846.86578836169,37465
51846.86578836169,37535
48846.89399271676,45335
8748.260106599328,6500
36805.08465319286,21888
42936.48953990538,25988
37180.9242166822,19675
34256.53988430428,23995
28045.92028575741,17995
30870.738573149963,25488
28045.92028575741,19995
17747.81767981765,8988
25229.64559894459,17998
37195.69949443072,34757
13509.152293990564,12988
60240.62455578079,55998
49347.787901912525,41865
49347.787901912525,47104
49347.787901912525,47732
49347.787901912525,49655
49347.787901912525,49655
62129.98373893483,44310
62129.98373893483,46165
63182.03831177155,46760
61445.042035872575,48365
61445.042035872575,48365
63182.03831177155,48645
63182.03831177155,49500
63182.03831177155,49500
63182.03831177155,49500
63182.03831177155,50495
61445.042035872575,57910
61445.042035872575,62775
64430.81533388586,68830
63182.03831177155,70175
62129.98373893483,73895
61445.042035872575,75500
61445.042035872575,75500
63182.03831177155,77290
61445.042035872575,78500
61445.042035872575,79495
63182.03831177155,82150
63182.03831177155,82150
63182.03831177155,82150
63182.03831177155,84550
61445.042035872575,70205
63182.03831177155,48590
63182.03831177155,51115
63182.03831177155,53935
61445.042035872575,74061
63182.03831177155,49500
61924.8375744133,73166
62316.893991307516,56280
62316.893991307516,52735
63182.03831177155,35480
62129.98373893483,73470
62129.98373893483,73470
41459.665679564336,37000
37686.00420523103,44995
37800.34552796492,28995
31803.239033370974,26790
19040.26192788487,18888
25284.392043055068,39995
59096.47343497001,45998
52085.06798819936,44997
52085.06798819936,41988
44056.62113828028,45998
35069.16523263959,31495
45222.25009386446,33500
63064.97859228228,89800
55272.263263066525,55800
62934.227171962106,79950
61445.042035872575,37140
61445.042035872575,40925
61924.8375744133,50205
44191.12432003345,27995
29202.473031360903,14995
24720.804109582645,37999
44202.21216398885,43997
73140.01780463432,46800
63182.03831177155,33230
61445.042035872575,52535
63182.03831177155,57868
62316.893991307516,46363
18929.858998351163,17995
42186.99409125444,29995
37315.32121596919,57988
17550.21486703795,18900
67013.18383729318,66685
53083.278731861814,70920
58126.47997993017,74415
58126.47997993017,78475
58126.47997993017,54560
58126.47997993017,74680
62129.98373893483,84740
25590.53477822552,42900
32970.363931550266,46995
47472.93163391259,37995
41732.14158843793,56995
26466.05854244471,44994
43262.82596549028,49885
51652.65558441733,43850
22208.962282756347,14995
